1996,Atlanta,LOH
1996,Atlanta,LOH
1996,Atlanta,LOH
2000,Sydney,LOH
2000,Sydney,LOH
2000,Sydney,LOH
2000,Sydney,LOH
2000,Sydney,LOH
2004,Atény,LOH
2004,Atény,LOH
2004,Atény,LOH
2004,Atény,LOH
2004,Atény,LOH
2004,Atény,LOH
2008,Peking,LOH
2008,Peking,LOH
2008,Peking,LOH
2008,Peking,LOH
2008,Peking,LOH
2008,Peking,LOH
2012,Londýn,LOH
2012,Londýn,LOH
2012,Londýn,LOH
2012,Londýn,LOH
2016,Rio,LOH
2016,Rio,LOH
2016,Rio,LOH
2016,Rio,LOH
2021,Tokio,LOH
2021,Tokio,LOH
2021,Tokio,LOH
2021,Tokio,LOH
2006,Turín,ZOH
2010,Vancouver,ZOH
2010,Vancouver,ZOH
2010,Vancouver,ZOH
2014,Soči,ZOH
2018,Pjongčchang,ZOH
2018,Pjongčchang,ZOH
2018,Pjongčchang,ZOH
2022,Peking,ZOH
2022,Peking,ZOH
